{
  "m_sensor_x": 0.1258659983749161,
  "m_sensor_y": 0.9452589965467948,
  "n_sensor_x": -0.6240220360382401,
  "n_sensor_y": 0.8258539511375681,
  "residual_rms_x": 0.23616334682408535,
  "residual_rms_y": 0.24024299291790302,
  "sample_count": 30
}
