{
  "m_sensor_x": 0.35239772558605637,
  "m_sensor_y": 0.9357429355707267,
  "n_sensor_x": -0.633538097014308,
  "n_sensor_y": 0.5993222239264282,
  "residual_rms_x": 0.24691192319671748,
  "residual_rms_y": 0.2552854124177721,
  "sample_count": 30
}
